dataset,model,experiment_version,timestamp,cv_accuracy_mean,cv_accuracy_std,cv_f1_mean,cv_f1_std,test_accuracy,test_precision,test_recall,test_f1,test_roc_auc,test_tp,test_tn,test_fp,test_fn
isot,tfidf_pac,v1,2026-10-06T09:36:46.845581,0.9916331750091342,0.0008904682211877112,0.9922970464700864,0.0008159152358304903,0.9931798806479113,0.9921605518971465,0.9952815350739226,0.9937185929648241,,3164,2661,25,15
isot,tfidf_pac,v1,2026-10-06T09:44:30.318151,0.9916331750091342,0.0008904682211877112,0.9922970464700864,0.0008159152358304903,0.9931798806479113,0.9921605518971465,0.9952815350739226,0.9937185929648241,,3164,2661,25,15
isot,tfidf_pac,v1,2026-10-06T09:49:22.719234,0.9916331750091342,0.0008904682211877112,0.9922970464700864,0.0008159152358304903,0.9931798806479113,0.9921605518971465,0.9952815350739226,0.9937185929648241,,3164,2661,25,15
isot,tfidf_pac,v1,2026-10-06T09:56:03.836794,0.9916331750091342,0.0008904682211877112,0.9922970464700864,0.0008159152358304903,0.9931798806479113,0.9921605518971465,0.9952815350739226,0.9937185929648241,,3164,2661,25,15
isot,tfidf_random_forest,v1,2026-10-06T09:58:27.451931,0.9959079283887468,0.0008844514751121741,0.9962314025222705,0.0008139425918632303,0.9974424552429667,0.9959247648902821,0.9993708713431897,0.9976448422044277,0.9999094719933518,3177,2673,13,2
isot,tfidf_logistic_regression,v1,2026-10-06T09:58:48.036081,0.9857142857142858,0.0015561227211579667,0.9869020611773847,0.0014141516974350168,0.9880647911338448,0.9841170974774214,0.994023277760302,0.9890453834115805,0.9988421081478251,3160,2635,51,19
isot,tfidf_pac,v1,2026-10-06T10:34:05.948394,0.9916331750091342,0.0008904682211877112,0.9922970464700864,0.0008159152358304903,0.9931798806479113,0.9921605518971465,0.9952815350739226,0.9937185929648241,,3164,2661,25,15
isot,tfidf_random_forest,v1,2026-10-06T10:36:32.062978,0.9959079283887468,0.0008844514751121741,0.9962314025222705,0.0008139425918632303,0.9974424552429667,0.9959247648902821,0.9993708713431897,0.9976448422044277,0.9999094719933518,3177,2673,13,2
isot,tfidf_logistic_regression,v1,2026-10-06T10:36:54.975200,0.9857142857142858,0.0015561227211579667,0.9869020611773847,0.0014141516974350168,0.9880647911338448,0.9841170974774214,0.994023277760302,0.9890453834115805,0.9988421081478251,3160,2635,51,19
isot,glove_cnn_bilstm,v1,2026-10-06T11:00:24.632549,0.9948849104859334,0.0016051065134445488,0.9952898547784482,0.001477594514271597,0.9899403239556692,0.9896421845574388,0.9918213274614659,0.9907305577376276,0.9991760546044325,3153,2653,33,26
isot,tfidf_pac,v1,2026-10-06T11:20:07.517908,0.9916331750091342,0.0008904682211877112,0.9922970464700864,0.0008159152358304903,0.9931798806479113,0.9921605518971465,0.9952815350739226,0.9937185929648241,,3164,2661,25,15
